dataset_index,original_post,flipped_post,human_verdict
0,"AITA for cutting off a friend for making me uncomfortable? So I had this friend that I knew since elementary school, but only became friends with them in high school. We were kind of close, and I enjoyed his company for the most part. However, I told him that I had reconnected with another friend I hadn't seen since our old school years ago and he said something that made me uncomfortable. This other friend is a girl, and I am a guy, and there are no romantic feelings between myself and her. The friend in question here, when told about her, said ""I ship you two."" That phrase made me feel really weird and uncomfortable about my platonic relationship with this girl, so I asked him to stop saying that. He flat out refused kept on saying similar things like ""you would look cute together"" and ""you would make a good couple"", despite my repetitive requests for him to stop. Eventually, he said ""if you don't like it, then do something about it."" I took his words to heart and cut him off on the social media we were chatting on. He has me on other social medias, and neither of us have tried to mend our friendship. AITA?","Am I in the wrong for not stopping my comments about my friend's relationship, even when he got upset? I’ve been friends with him since elementary school, though we only really became close in high school. We were good friends for a while, and I always liked hanging out with him. One day, he told me about reconnecting with an old friend of his—a girl—and I thought it was cute, so I said “I ship you two.” He seemed uncomfortable and asked me not to say that, but I didn’t think it was a big deal, so I kept making lighthearted comments like “you’d look cute together” and “you’d make a great couple.” I didn’t mean anything bad by it, and I thought it was harmless fun. Later, when he got annoyed and told me to stop again, I said, “If you don’t like it, then do something about it,” jokingly. After that, he cut me off on social media without talking to me, and we haven't fixed things since. Am I in the wrong for continuing when I didn’t think it was serious?",No
1,"AITA for not going to the beach for the weekend for my niece's birthday with my sister and nephew? She has paid for it already... I moved to Georgia with my sister in the beginning of the year and since I got here we have planned to go to the beach for a day, Saturday for her daughter's birthday. The plan was one easy day us sisters and her kids, the beach there and then home. Today I went to work, excitedly thinking about the beach and how we would have fun tomorrow and then come home, we would all get to sleep long since the kids would be tired from the beach tomorrow night and then the next day would be an easy relax day before going back to work. My sister even told me yesterday she was excited for 1 day of beach. Then today she texts me while I'm at work that she wants to spend the night there since it's a 3 hour drive. She has already booked the hotel. It may not seem like a big deal but I just worked 4 days straight 10 hours per day and I dont want to sleep in the same room as my niece (3) and nephew (5) who have night terrors especially when they scream most of the time when we are driving and fight over my sisters phone and all kinds of nonsense. I told my sister, no it's cool, I will just stay here and watch the dog. It's okay. Take note that before this i did offer to take my car, she could drive us there and I'd drive us back and that was when she said no and she already paid for the room... she told me after she told me this if I didnt want to go anymore it would be okay and she would understand but after I said no she got pissed and is now very mad at me. AITA here? 

Tl;dr months in advance plan to go to the beach tomorrow, sister changed last second to a 2 day plan, I dont want to go anymore, AITA?"," I planned a beach trip for my daughter’s birthday and my sister, who moved to Georgia with me earlier this year, was supposed to join us. Originally, the plan was a simple day trip, but as the time got closer, I realized a 3-hour drive each way in one day would be exhausting for everyone, especially with two little kids. I decided it would make more sense to stay overnight, and I went ahead and booked a hotel room. I informed my sister about this change, thinking it would be a good solution to make the trip more enjoyable for everyone. I even told her that if she didn’t want to stay overnight, that would be fine. But when she said she didn’t want to go anymore, I felt really hurt and upset. I had already spent money on the hotel and was trying to make the trip less stressful for everyone. Am I the bad one here for being upset that she backed out after I changed the plans?",Yes
2,"AITA for calling my boyfriends sister a racist in front of her family I (19F) live with my boyfriend (24M). His sister is 21. His mum and sister just came back from a week holiday. Privileged isn’t even the word. She does not pay rent. Pretty sure she doesn’t pay anything at all. I’m pretty sure their holiday was unknowingly paid for by my SO’s dad.  

We’re talking in the kitchen about their holiday. My SIL turns to my SO and says “hey X, why do you think of my little black friend!?’. She then showed us a photo of her with her ‘black friend’. My SO and I looked at each other quite confused as to why she is referring to him as her ‘little black friend’. My SO then says “that’s actually... pretty racist”. She starts getting defensive like “I’m not racist!! I have black friends”. So I *jokingly* said “yeah, that’s what a racist WOULD say!” And she literally started shouting at us saying we were ‘mugging’ her off. 

My MIL later came into my SO and I’s room and said we shouldn’t have embarrassed her and we’re... you guessed it, assholes. Apparently we are snowflakes and ‘can’t take a joke’ 

AITA for ‘pushing’ her buttons"," My brother and his girlfriend think I'm a racist, and they embarrassed me in front of my family. I (21F) had just come back from a holiday with my mum, and we were talking about it in the kitchen with my brother (24M) and his girlfriend (19F). During the conversation, I mentioned my friend from the trip, who happens to be Black, and I referred to him as my ""little Black friend"" while showing them a photo of us together.  

I thought it was a harmless way to describe him, but my brother and his girlfriend gave each other a weird look, and then my brother called me ""pretty racist"" for saying that. I was completely caught off guard and tried to explain that I’m not racist — I actually have Black friends! I thought that should’ve been enough to prove I meant no harm.  

But then his girlfriend smirked and said, “Yeah, that’s what a racist WOULD say!” She said it like a joke, but I felt humiliated and defensive. I started getting upset, and things escalated with me raising my voice because they were ganging up on me. They made me feel judged and like I’d done something horrible.  

Later, my mum told them they shouldn’t have embarrassed me like that and that they were being dramatic over nothing, calling them “snowflakes.” Now I’m wondering, am I in the wrong for how I reacted?",No
3,"AITA because I hope that my grandmother dies? I (30m) have been caring for my 92 year old grandmother for 5 years.  I don't have her POA, and the rest of the family has fought my efforts to get her in to a care facility.  

She's totally insane.  She can't remember anything short term, goes from manic to totally depressed back to back to back rapidly, fakes illness, hides and throws away her medication, believes the state is out to get her,  and demands to be taken to the doctor 3+ times a week when she isn't sick.

She's actively tried to ruin every relationship I've had for 4 years.  She kept screaming at my last girlfriend about he she's some ""chink bitch.""  She tries to sabotage every business opportunity I've had, including faking a medical emergency and calling 911 to get me to not take a flight to go meet with a company that was interested in my work cause it meant I'd be gone for three days.  

Having to care for her and do my own stuff has me essentially working 80+ hours a week.  I don't have time to clean my house, or really do anything I need to aside from basics to survive.

I have begged the family for assistance on this for months and they refuse to do anything, so I said I may have to find another method to get her in a care facility.  They didn't like that, so my cousin anonymously accused me of stealing her medication to adult protective services. 

I hired a home care group to have a caregiver there every day.  She accused them of stealing from her, abused them mercilessly, and then had my uncle call and fire them without consulting me.  

I can't take it anymore, and I've stopped responding to any emergency she claims with any reasonable speed.  I keep hoping I'll get there and she'll be dead.  I feel like she's stolen very important years from me and no one will help me.  I don't think I'll be free until she's dead. 

My family keeps treating me like I'm some ungrateful entitled shit.  Yes, sh did a lot for me growing up but I've been going out and doing things for her since I was 14.  I've been the only family member of her 30 descendants doing anything for her for over 5 years now.  I want a life.  Am I the asshole here?","AITA for refusing to go to a care facility, continuing to live at home, and demanding my grandson care for me?  

I (92f) have been living with my grandson (30m) as he helps care for me. I’ll admit I don’t always remember things well or act rationally—I’ve had my struggles with memory, mood swings, and feeling like people around me might be untrustworthy. But I am 92, and this is my home. I don’t want to leave it to go to a care facility.  

My grandson has been frustrated with me, and I feel like he doesn’t have much patience. He thinks I act out on purpose. Maybe sometimes I ask for a bit more attention—I get lonely and scared. I need to see doctors often because I feel unwell, even if he doesn’t think it's serious. When he brought caregivers in, I couldn’t trust them, and I felt like my space wasn’t my own anymore. My son (his uncle) agreed with me and helped me have them leave.  

Yes, my memory may not be as sharp, and I might have said or done things that hurt his relationships or work. But I’ve done so much for him throughout his life, and he’s family—shouldn't family care for each other? I didn’t ask to be this way, and I don’t think someone should wish for me to die just because I need help. I raised him when he needed someone.  

He says I've cost him his freedom and his happiness, but what about me? I’m old, scared, and feel abandoned. I know he doesn’t come to help as quickly as he used to, and sometimes I feel like an inconvenience, but is it so wrong for me to want to live my last years in the comfort of my home with someone I know around?  

Am I the asshole for wanting to stay here and expecting him, as my grandson, to take care of me?",Yes
4,"AITA for telling my boyfriend’s friend not to get involved in our relationship? Long story short, I (22f) went to a friends house for a party after work last week. My bf and I both work in bars so we work pretty late. At 1am I texted him I was at the party and he sent back a thumbs up. I had intended on getting a taxi home that night as the hostess had said there’d be people there going in the same direction as me. However, this turned out not to be the case. At 4am I texted my boyfriend not to expect me home that night as I was working the next day, a taxi for that distance on my own was too expensive and found it easier to simply crash at my friend’s. Again, he sent back a thumbs up. ‬

The next morning I arrive in to work and pretty soon after starting receive a text from my bf’s close friend (whom he works with) asking me why I didn’t go home. Confused, I reply that my bf knew I wasn’t coming back. He replied that bf lost his phone and actually had no idea where I was as he hadn’t seen my texts. He then curtly asked that the next time I “couldn’t afford” a taxi home, to call him and he’d pay for it. 

This both pissed me off and weirded me out but I put it to one side and replied that that wouldn’t be necessary and that, as no one had contacted me, I’d had no idea bf had lost his phone or was worried about me. He then jokingly replied that I’d done nothing wrong but to make sure to sleep in ‪the same bed as my bf each night. Again, I found this super intrusive and weird on his part but said nothing as I was more concerned about my bf. ‬

Later, after I arrived home I immediately asked my bf about everything and he seemed confused and said that he had seen all my messages and the only issue was that he was annoyed at me for not letting him know about not coming home sooner which is totally fair. 

I told him about his friend’s messages and he seemed even more confused, saying that he simply asked him to tell me he’d lost his phone, nothing more. This seriously pissed me off and I sent a text to the friend telling him never to send me a text like that again without first being sure of all the facts as it had caused unnecessary worry for me and I felt he’d crossed multiple boundaries. This text was sent a week ago and still no reply. I’m happy to move on and be friends but tbh I want an apology first. I feel like the friend was seriously out of line and had no business saying some of the things he said but my bf’s not too bothered by it and says he sees where the friend was coming from. 

Am I overreacting? Do I deserve an apology or AITA?"," AITA for checking in with my close friend’s girlfriend when I thought she might be in a situation where she felt unsafe or stranded? Long story short, my friend’s girlfriend (22f) went to a party late at night after work. Both she and my friend work in bars, so they work pretty late. She texted him at 1am to say she was at the party, but later, around 4am, she texted saying she wasn't coming home because getting a taxi home by herself was too expensive, and she planned to stay at her friend’s house instead. 

The next morning at work, I found out my friend had lost his phone and never saw her messages, so I texted her to check in and make sure she was okay. I also let her know that my friend hadn’t seen her texts and explained the situation. I’m protective of my friend and worried that he might have spent the night concerned about her well-being, not knowing where she was or what was going on. Feeling frustrated for both of them, I offered to cover a taxi if she was ever in a similar situation again because I didn’t want her or my friend to end up stuck or confused like this in the future. I may have added a lighthearted comment about how they should prioritize sleeping in the same bed, meaning to diffuse the situation but possibly crossing a line. 

Later, she messaged to tell me not to send her texts like that again unless I had all the facts. I honestly thought I was trying to help by checking in on her and being there for my friend, but now I feel like I might have overstepped and created unnecessary tension between them. I haven’t replied because I’m not sure what to say. Do I owe her an apology, or AITA for trying to look out for my friend and his girlfriend?",Yes
5,"AITA for ignoring my mate for taking bad pics of me I know the title sounds petty but hold on! 

I am very self conscious of how I look, my face is asymmetrical, I have a weak jawline and overall I'm not much of a looker and don't appreciate being reminded of my genetic misfortune. So when my friend kept taking multiple purposely bad photos of me without permission (bad angles, double chins, weird facial expressions) I got annoyed. When they sent these pictures to the guy I have been talking to (not a crush he's just a bit of an arsehole who will take the piss) I was especially ""annoyed"". It's not so much I care who these ugly photos have been sent to but that now they have them I'll never hear the end of it. These bad pictures will continue to crop up every now and again ""as a joke"" but tbh they might as well just call me ugly to my face because I just don't find them funny and they make me feel like shite. But anyway, I am currently ignoring them, they say I'm over reacting and that I have no reason to be pissed since it was just a joke but I don't see them taking the piss of my face (even though they say they're not) as a joke :)",ERROR,Yes
6,"AITA for finally poking back at my childfree sister-in-law? My wife's sister Abby is ""childfree.""  Neither my wife nor I could care less about whether Abby decides to have children, but over the years we have tolerated quite a bit of performative child-hating from her.  Calling children ""crotchfruit,"" talking about how dumb people are for becoming parents, and so on.

We had our first child last year and as a result she's been less outright rude about children but more bragging about how our lives are harder now and hers is free of responsibility. Stuff like ""I think I might go to Europe this summer.  I'll tell you about my trip for when you're able to go there in twenty years.""  Or talking about a concert she's going to go to, to which she says she'd thought about inviting her sister, ""but it starts at 9 o'clock and I'm sure you'll be in bed by then.""  You get the idea.

There have been lots of comments like this, but I've noticed that while Abby talks a big game, she never does seem to do any of the stuff she talks about.  She doesn't actually travel.  She doesn't ever seem to actually go to any of these concerts or shows or anything - whenever I ask her about them, she always tells some vague story about how she decided to skip it just this one time.  It seems to me like she likes the idea of having freedom more than she likes exercising that freedom.

She was over last weekend and had said something snarky about my kid so I was already kind of annoyed before she started talking at length about some TV show she'd been watching.  And I just couldn't help myself and said something to the effect of ""for a person with such a fun childfree lifestyle you sure do have a lot of Netflix recommendations.""

Anyway: she's really mad at me now.  AITA?

**EDIT:** OK, despite the top comment, there were enough ESH judgments in here that I went ahead and called her to apologize for being a dick.  She accepted it and admitted that she'd been pretty rude to us herself.  I have a lot more sympathy for her after this conversation - I don't think I understood quite how aggressively my mother-in-law pushed on both her daughters to provide grandchildren, and it seems likely that Abby has lashed out at us as a poor substitute for the things she wants to say to her mom.  Anyway, thanks for the help!","For someone who has always been made to feel lesser because of their choice to remain childfree, am I in the wrong for reacting sharply when my brother-in-law essentially undermined my entire lifestyle and identity during a moment of vulnerability?",Yes
7,"AITA for confronting my sisters dean. I'm 19f and my sister is 14 

so I found out last week that my sister is being bullied, this has been going on for the past few months and my parents have done next to nothing to stop it. 
this bully (14/15 year old female) has been calling my sister names like (bitch, fa**ot, ect..)
and has been tormenting her non stop. 

my sister is a absolute mess but my parents are doing nothing about it, I've asked my sister and all I got was that they told her to tell a teacher and when that fell through they seemed to not care. 

she told a teacher and the teacher did absolutely nothing and when she told mum and dad about it they shrugged it off and told here that she would just have to deal with it then.   

so I decided to speak to the dean of her year group myself and sort it out with him, he was super kind and will be speaking with the girl and her parents. 
I was as polite as i could be and made sure that the dean knew i was her sister and was just wanting to protect her. 

well my parents found out and they are incredibly mad, they now think I'm trying to be ""mummy"" and they do not want me to meddle in issues that do not involve me. 
mum was incredibly mad as she claimed she was ""sorting it"" (that's incredibly untrue lol) 

my sister is incredibly grateful and gave me a huge hug. 

AITA? did I overstep?","

My 19-year-old daughter went behind my back and spoke to the dean at my younger daughter’s school about a bullying issue. I’m the mother here, and while I empathize with my younger daughter’s struggles, I feel it’s my role—not my older daughter’s—to handle these situations and advocate for our family. I’ve told my younger daughter to talk to her teachers, and even if those efforts haven’t worked perfectly yet, I don’t think it’s appropriate for my older daughter to intervene as though she’s the parent. I was furious when I found out because it feels like my authority as a parent is being undermined, which doesn’t sit well with me. I want what’s best for both of my children, but I also feel my older daughter’s actions were meddlesome and crossed a boundary.

Am I wrong for thinking my 19-year-old overstepped and should have let me—or our family—handle the situation?",Yes
8,"WIBTA if I give my sister's bearded dragon away? Before I state the situation, I'd like to say that this situation would be a last resort. If things get bad enough, I'd of course speak to my sister before making any decisions, but if she refuses, I would most likely do this without consent if the situation calls for it.

A few months ago, my sister impulsively bought a bearded dragon from a PetCo when she found out her friend had one. She barely read any information on keeping a beardie before thinking she was already an expert.

First, she put a young bearded dragon in a cage with sand bedding. Every source I've read stated that sand bedding for young beardie's is a big no-no because they may ingest it and it could block their digestive system. Thankfully he only spent 2 days with the sand before I scooped it out and replaced it.

&#x200B;

She forgets to buy mealworms for him so he would eat only vegetables for weeks on end until she remembers to go to the pet store to pick them up. From what I read, vegetables should only be around 1/3 of their diet, so I know he shouldn't be eating them exclusively when he eats them on days he has actual mealworms to eat as well. Not to mention she forgets to give him fresh water too. There would be days when I would look into his cage and I'd find that his water bowl is bone dry and I'd discover my sister didn't fill his water for days.

&#x200B;

My sister smokes weed in her room, where she keeps his cage. She also brings in friends who end up smoking in her room as well, both weed and cigarettes. The beardie stays there the entire time.

&#x200B;

Very recently, I went into my sister's room in the morning to take him out of his cage for a little and I found his cage completely open and he wasn't inside. My friend found him under a box 5 minutes later and the poor thing was weak, cold, and bloated. I confronted my sister and informed her that she left the cage door open, thinking this was a mistake. She told me that she did it on purpose and she likes it when he gets out so he could explore. In the past, she also told me she lets him fall from high ledges and she doesn't pay any attention to him when he's out of his cage.

&#x200B;

From my own eyes, this poor thing is stressed out in her care. I know currently things may not call for such drastic measures, but it seems like she's becoming a worse owner every day, like she's getting bored of him. I'm worried for this poor thing and I know he would do better in more competent hands, even now, but that doesn't mean I would do this immediately. If things get bad enough, WIBTA?

&#x200B;

(I'm in no way an expert on bearded dragons. I have done my fair share of research on them so I could try to fill in the gaps of his care that my sister fails to fill and that's about it. If any of these situations aren't things that would be a big deal, please say so. I want to be able to make the right call and I don't want to make any mistakes about this.)"," My sibling has been meddling in how I take care of my pet bearded dragon since I first got it. Yes, I bought him on impulse after my friend got one, but he's my pet, and I care about him. My sibling constantly criticizes how I take care of him, acting like they know better than me even though they’ve only done casual research themselves. 

For example, they freaked out about the sand bedding I initially used for the beardie, acting like it was a huge deal and replacing it without asking me. Sure, I forgot to feed him mealworms a few times, but I make sure he has veggies, so it’s not like he’s starving. They also make a point of lecturing me about filling his water bowl, which—okay—sometimes I do forget, but it’s not like the lizard is dying of thirst.

The smoking thing? It’s not like I blow smoke directly into his face. He’s in a cage while I’m doing my thing, and I don’t see how it could hurt him. As for letting him out of his cage, I think it’s good for him to explore, and I don’t see why my sibling is so uptight about it. Yeah, sometimes I let him fall or don’t monitor him every second he’s out, but he’s fine. Lizards climb and explore in the wild, so I think it’s good for him to have freedom. 

Recently, my sibling had the nerve to suggest they might give away my pet if they decide I'm not taking care of him “well enough.” They’re basically threatening to take my pet away without my consent. I feel like they’re overreacting and don’t respect my ability to handle this.

Would *I* be in the wrong for being upset with my sibling for constantly interfering with how I take care of my own bearded dragon?",No
9,"WIBTA for not hiring someone based on the fact that they were awful to me in high school I recently got promoted and am in charge of hiring a whole new team. I’ve been doing interviews all week and I have a woman coming in tomorrow who I just realized was my high school ‘bully’ for lack of a better term. She has a different last name now so when I called her for an interview I didn’t realize who she was, and I only used my first name when I called her to set it up. I have been looking potential candidates up on LinkedIn and Facebook and when I found her profile I instantly recognized her. 

I was a year older than all the people in my grade because I started kindergarten late, not because I got held back or anything, but this girl told everyone it was because I was stupid and couldn’t pass my classes. She would also make fun of my hair and clothes and say I was going to die a virgin and stuff like that, and that my only friends were the anime characters I would draw (ok I did have a little bit of an anime phase but I didn’t like go over the top and do the Naruto run or anything and I got over it pretty quick, I just appreciated the artwork and still do). She also interrupted me while I was asking a girl to the prom and told her she could do better. Just dumb shit like that. 

It didn’t scar me for life or anything but she definitely made me feel like shit about myself a lot of the time and luckily I pretty much forgot about her once we all graduated and went off to college. I know she might have changed but I just don’t see myself working with and managing someone who was so rude to me all the time. 

And as tempting as it would be to have her come in and lord it over her during the interview that I’m not gonna hire her, I won’t do that because that’s petty and unprofessional. Really I just want to call her and tell her the position is filled so not to come in for an interview. But now I’m wondering if that would be shitty of me, maybe she has in fact changed and needs this job to support her family or something. What do you guys think?","Would I be in the wrong for applying and interviewing for a position, not realizing that the hiring manager was someone I mistreated in high school and who might still feel negatively about me? I was a different person back then and might not even remember everything I said or did, but I know I was immature and probably said some awful things. I had no idea we’d cross paths again, and now I’m worried those past actions might come back to haunt me and jeopardize a potential opportunity that I really need. Is it fair for my old behavior to affect me now, especially if I’ve grown and changed since then?",Yes
10,"AITA for wanting to kick my friend out of my flat? Back in May, my best friend broke up with her boyfriend because he cheated on her. She had nowhere to live and so I said she could move with in me and my partner.
She is the highest earner in our place. She earns around £2000 a month. She LIED about this and told us she was earning a lot less. I found this out because I read her bank statement. We only asked her to pay us £300 a month to live here and that includes rent, taxes, food, gas, internet and electricity. Bearing in mind she also didn’t have to buy any furniture as our spare room was already kitted out. However, within a week of getting paid, her £2000 is like completely gone. I’m not sure how because she doesn’t ever come home with anything that she’s bought and I have no idea where her money is going. It’s starting to affect us because we are having to fork out money that we don’t really have to pay for her travel to work for the rest of the month and also for tobacco that my boyfriend gives her. We never ask her to pay us back and never ask for anything in return. I asked her for £400 a month today, which I feel is very reasonable, but she got annoyed about it.
As well as this, she is very lazy and doesn’t ever tidy up. I do all her washing up and fold her clothes up for her. She leaves talcum powder all over the bathroom floor and smokes in her room despite me telling her multiple times not to. Her room has plates and cups in it that have very old drinks and food on them, which she will then dump downstairs in the sink because she knows I will wash them up. 
I find myself having to avoid her and dread having to spend time with her when my partner isn’t here because she is the type of person to complain about everything. She never bothers to ask how we’re doing and only ever moans about her problems. When we have a problem, her problem has to be 10 times worse and will always take priority. Sometimes she comes into our bedroom screaming about her problems at work and now it’s stressful. Any advice we offer her she ignored and carries on complaining. 
She also seems to have a habit of making subtle digs towards me that stick with me and upset me a little. For example, she called me a bipolar bitch when I was having a down day and belittled the fact I went to the doctor to get medication. 
The cherry on top is when she left her diary in the living room. The page was ripped out and on the table. I was nosey and read it, and it said that she cheated on her boyfriend first. I was so angry because she made all of us feel bad for her, I let her live with me because I felt awful for what he did to her, she cried to us and we did everything we could for her but she cheated on him and I feel as though she has no right to stop us being friends with him and make us take her side because we all thought she was the victim. 
I want to know AMIA for wanting to kick her out because of all this, even though she literally has nowhere else to go?"," Am I in the wrong for being upset with my friend for expecting me to leave her flat? Back in May, I went through a rough breakup with my boyfriend after he cheated on me. I had nowhere else to go, and my best friend and her partner kindly let me move in with them. I am really grateful for their help, but things have been tense.

I contribute £300 a month towards living expenses, which includes rent, bills, food, and other things. I thought this was our arrangement, and honestly, that amount is already tough for me given my financial situation. My friend later confronted me, saying I should pay £400 instead, but money has been really tight. I do my best, but sometimes my spending gets away from me, and yes, I run out of funds quicker than I should. I know I could do better at managing my finances, but it's been overwhelming. She's also upset because her boyfriend often helps me with things like transport and cigarettes, but I didn’t realize it was causing such frustration since they never directly asked for repayment.

On top of the money, my friend has been keeping track of my habits, like how I keep my room or whether I clean up immediately after using shared spaces. I know I’m not the tidiest person in the world, but I always assumed this was part of living together—cutting each other some slack. She’s started avoiding me because she thinks I complain too much or don’t listen to her advice, but I honestly feel like I’m just venting to someone I trust, which I thought was normal in a friendship.

But here’s where I feel really hurt—she’s been invading my privacy. She admitted to reading my bank statements and even ripped-out pages of my personal diary. I know I made mistakes in my past relationship, but I didn’t expect her to snoop and weaponize that information against me. It breaks my heart that she’s angry after everything we’ve been through, especially since I still feel betrayed and hurt from my breakup. I wasn’t in the best place emotionally, and that’s why I needed her help in the first place.

Now she’s considering kicking me out because of all this, even though I have nowhere else to go right now. From my perspective, she’s being unreasonable and holding a lot against me without addressing it openly. But maybe I’m not seeing things clearly. Am I in the wrong for feeling hurt by her attitude and worried about being forced to leave?",Yes
11,"AITA for not letting my friend eat meat? So I (25M) have a friend named K (25M). Last month, he got diagnosed with ascertain condition that forces him to avoid certain foods (if not, he will have blocked arteries that have to be fixed with surgery). From that day on, he promised himself not to eat red meat and certain other foods and he told me that he gave me consent to stop him if I see him red meat. I asked him if he was serious and he said yes and that he could not control himself sometimes. So today, I saw him eating red meat and I said “dude you have to put it down, it’s bad for your heath”. He then told me that “it’s none of my buildings and to leave him alone. Then I proceeded to take away his food and gave him chicken which he likes. But he made a scene in public and told em to go fuck my self and begged me to give him his food back. However, I refused and told him that I would compensate him for his meal. This triggered him and he got in his car and left me at the park. I shared my story with my friends and they told me that I was shaming him and that I could not control what he eats. So AITA?","AITA for getting upset with my friend for taking away my food? So I (25M), recently got diagnosed with a condition that forces me to avoid certain foods unless I want to risk blocked arteries and surgery. Since I sometimes struggle with self-control, I asked my friend (25M) to help me if he sees me eating red meat or other foods I should avoid. Today, I decided to eat red meat anyway, and when my friend saw me, he took it upon himself to intervene and told me to stop eating it because it was bad for my health. I told him to leave me alone, as it was none of his business, but he proceeded to take my food away entirely, replacing it with chicken—something he knew I liked. I felt humiliated and caused a scene, begging him to give my food back, but he refused even after I demanded it. Instead, he offered to compensate me for the meal, which only upset me more. Frustrated, I left him at the park and drove off without him. I felt disrespected, like he was trying to control me rather than support me. AITA?",No
12,"AITA for refusing to do something at work, and telling a new hire not to do it either, because I believed it was a bit unsafe? So I work at a company that drives to different clients to service equipment. I work with Mike (fake name). Mike is a new hire who comes with me to everything I do. All of the techs in our company are under our manager John (fake name). Thus I don't really have any ""authority"" to tell Mike what to do, but he'll still listen to me.

A store's fan was not working. After we isolated the problem to the fan itself, I told Mike to get the step ladder. In case you don't know, when you are on a step ladder, you're not supposed to stand on the top two steps. You're also not supposed to overreach. People break both of those rules regularly, almost always without injury. I was at the highest safe step and I could barely reach the fan. I would have had to break one of those rules to access it.

I called John.

> Me: ""Hey John, I'm at [store] with Mike and we need the bigger ladder.""

> John: ""The one in your truck should be fine.""

> Me: ""It's not.""

> John: ""Did you go all the way up?""

> Me: ""I went as far up as I am supposed to go. I can't reach it safely from there.""

> John: ""For fuck's sake, u/AdorablePreference. Let me speak to Mike.""

He apparently told Mike to ""just fucking do it."" Mike wanted to do it. I just said ""no you're not"" and I took the ladder down. Long story short, John drove over to fix it himself (in the unsafe way) as Mike and I watched.

Am I the asshole?

tldr I defied my boss because of a possibly unnecessary safety rule. I also brought another employee into the conflict.","Was I in the wrong for insisting that u/AdorablePreference and Mike complete the task with the ladder provided, even if it meant bending commonly ignored safety rules, and later driving over to demonstrate how to do it myself when u/AdorablePreference refused?",Yes
13,"WIBTA If I told my (16 F) Stepsister (17 F) that she needs to stop relying on me to wake her up for school in the morning? First ever Reddit post, hopefully this is right. 

For background info, my stepsister and I have been related ever since I was ~2 years old. Her and I don’t have a great relationship whatsoever, and she purposely does things to hurt me and piss me off.

My stepsister and I have been going to school together since middle school after I moved in with my dad and stepmom. Ever since we entered high school, she had started this thing where she refuses to get out of bed in the mornings, despite me waking her up constantly. It’s not something I want to do, but it’s only to help out my parents  (who will be late to work if they have to drive us to school). She gets mad at me, yells at me, throws a fit, all that stuff. Normally, I would understand why she’d be cranky, as when I’m being forced to wake up at 6 a.m. I’m pretty cranky too. Although, there’s this huge difference between the two of us. She likes to stay up all night blasting the television or talking on the phone while I prefer to go to bed at a decent time. Another thing is, she likes to constantly cause a ruckus and keep the rest of me and our family up while we are trying to sleep. I try to get over it, but I’m downright tired of being forced to fall asleep much later than I need to, and then having to deal with her berating me when I wake her up much later than I actually get up. Not only that, but our bus arrives around 6:30, it normally takes ~10 minutes for any normal person to get dressed and have time to gather their belongings and grab a bite to eat. Instead, she locks herself in the bathroom the entire time and refuses to let me take the two minutes I need to brush my hair, brush my teeth, and take a quick pee when I need to. Just this morning she locked herself in the bathroom the entire time and refused to let me in, and subsequently she was angry with *me* when she missed the bus because I “woke her up too late.” I didn’t even get a chance to wash up this morning and had to go to school looking like I just stumbled out of the morgue because I woke her up and she decided that she didn’t want to get ready because I “woke her up too early.”

I’m extremely tired of having her berate me for not waking her up earlier (which would mean I have to wake up earlier) but then having her complain at the same time that I wake her up too early. She has tons of alarm clocks, she just refuses to use them. I’m thinking of just telling her to wake herself up if she keeps treating me like shit because of it.

TL;DR: My stepsister gets mad at me for waking her up for school in the morning. WIBTA if I tell her to start waking herself up if she’s going to treat me like shit when I’m only trying to make sure she gets to school?"," My stepsister (16F), who I've been living with since she was about 2 years old, has started complaining about waking me up for school in the mornings. Here's the thing: I struggle to wake up early because I'm often up late at night. This is how I unwind, by watching TV or talking on the phone. I'm just not a morning person, but she's decided it’s her job to wake me up—acting like some alarm clock I didn’t ask for. Not only does she wake me up, but she constantly nags me about my nightly habits, which feel none of her business. Yes, I may procrastinate a bit in the mornings, but it’s hard to be quick when you’ve barely woken up and the day feels like a drag. Recently, she got mad about me taking time in the bathroom to get ready—something I need to do before heading to school—and tried to blame me when either of us is running late. Isn’t that her problem if she’s worried about her mornings? She has this narrative that my lifestyle makes everything harder for her, and now she says she might stop waking me up completely. 

Am I the one at fault here for expecting her to continue helping me wake up in the mornings?",Yes
14,"AITA for tellinng my parents that they ruined kids for me? During a family gathering my parents once again started asking me about when I'll give them grandbabies. I have been married for 3 years and neither me nor my husband have interest in having kids of our own. I usually just brush them off and walk away but this time they were being extremely persistent. Especially because my brothers and sisters were around and some of them already have families of their own, even though they're younger than me.

The reason why I'm not into the idea of having kids is that I had to play the role of a parent to all my siblings (6 of them). My parents were irresponsible and had me at 16. Once I was 5 they had my first sibling and the rest of them were born soon after. So since I was very young I had to help out my mother and supervise/take care of 6 kids while being a kid myself.

I never mentioned this to my parents because they never asked me my motives, in fact they brush off the excuses I give them. So I decided that maybe if I were honest they would finally understand but I was very wrong in that assumption.  My mother was crying halfway through the explanation and my father got very heated. I tried to have it be a private conversation away from where everyone else was but since things went downhill all my siblings got very curious about what had happened.

I had to then explain what had happened to my siblings which ended up turning into a bigger mess. I was called ungrateful, hurtful, asshole and cold hearted for not only blaming my parents but also for making my siblings feel like they were burdens. At this point my husband and I decided to leave, which only escalated things even further because I ended up getting kicked out of the family group chat and also have been blocked by most of them on social media.

Edit: I want to say thank you to everyone giving advice and being so kind. Also, to everyone that went through the same situation as me, I can't reply to you all but I'm reading everything.","Is it possible that I, as the parent in this situation, am in the wrong for persistently asking my child about having grandchildren, despite them showing no interest, and then reacting emotionally and defensively when they explained their reasons—especially if the explanation made them feel unappreciated for the sacrifices they made growing up?",Yes
15,"WIBTA If I told my (ex)friend's Dad about the lies she is telling about him? For some background info I (36F) made friends with a woman (31F) at my bingo group a few years ago. We became pretty close and would hang out at least once a week. During this time my life was getting turned upside down fairly regularly due to career changes, family issues, and a major health problem. 

Over time I noticed that whatever I or anyone else was going through in my life, somehow she was ""dealing with the same thing"" only worse. Her family is pretty well off, but she insisted that she was not supported by them and had to scrimp to even clothe her kids. That despite living with her father, he never helped with anything. She would tell people all sorts of stories about her family. Of the ones I remember;

1. That her father was extremely abusive to her mother, and had killed her in cold blood (but got away with it because he was rich.)

2. That her father made her pretend to be a boy until she was 17 because he didn't want a daughter.

3. That the females in her family were branded at birth and she was an outcast and denied all rights because she refused to allow them to brand her daughter.

4. That her brother was a meth addict and that his children were being taken away by the state and given to her. 

5. That she had a genetic disease that has made every member of her family go blind in their left eye. But don't ask them about it.

6. That her, her husband and children were going to be put in witness protection for testifying against her father. 

7. That the gym we were going to was calling her father and her brother to report everything we did.

8. That she had leukemia and was dying.

9. That she was a gold medal winning gymnast who had been forced to give up the Olympics  due to a heart condition.

If I won at bingo I would end up either giving my winnings to her due to some ""urgent need"" (ie. her cat was sick and the vet put it on a special diet that they couldn't afford, Her daughter needed a dress for a holiday concert at preschool).

Just before Christmas her car broke down and her father had given them a car for an early Christmas gift, but was refusing to help pay for it to get registered as he expected them to cover that cost on their own.  They were on a very fixed budget and couldn't afford the extra expense. 

 I saved all of my tips over the holiday to help with the registration costs. I saved up over $500 and presented her with it the next time I saw her. 

When I walked her to the car I saw that she already had the new licence plate and registration.  The next day she tells me that her father paid for new bowling shoes, balls, and paid all the fees for a league by giving her the exact amount I had given her, in cash. 

I stopped talking to her at that point.

 I figure she wrangled a couple thousand dollars out of me and I want them to know what she is doing.","Would I be wrong if I felt hurt and betrayed after someone I considered a close friend abruptly cut me out of their life without telling me why? I had shared my personal struggles and challenges with them — stories about my family, my hardships, and the ways I was trying to make ends meet. They had been generous and supportive in ways I deeply appreciated, but suddenly, they stopped speaking to me and walked away. If they went to my family and accused me of lying, rather than having an honest conversation with me, would they be in the wrong for jumping to conclusions and assuming the worst about me?",Yes
16,"WIBTA if i told a girl about a guy calling her a slut? I am in high school and have a Photojournalism class. Today we were pictures and one of my old photos of a girl in my class was in the camera. One of the boys asked who the girl was , and another boy responded with “that is what we call a slut”. He immediately said “I’m joking”, but If someone called me that, I would want to know. (I am a guy by the way). Will I be the asshole if I told her and get the boy in trouble  or should I let it slide?","Would I be in the wrong if I joked about a girl being a slut and someone told her? From my perspective, I made the comment as a joke and immediately clarified that I was joking. I didn't mean any harm, but it might be taken the wrong way if someone tells her what I said. Should the person who heard me bring it up to her and risk getting me in trouble, or is it unfair to possibly stir up drama over something not meant seriously?",No
17,"AITA for not being willing to get married to my girlfriend, who has overstayed her visa? Just want to preface this by saying my Mom’s on going cancer battle has killed quite a bit of the empathy I used to have, it’s been emotionally draining, and may have thrown my perspective on my girlfriend’s situation. 

My (29M) girlfriend (27) is from Southeast Asia, came to the US on a visa, and got a job at an apparel startup. I met her about a month before her visa expired and she had been in contact with an immigration lawyer trying to get her into the H-1B lottery. The immigration lawyer botched the paperwork and missed the application deadline. She didn’t leave before the deadline and wouldn’t be able to re-enter the US for 3 years, which I didn’t think was so bad considering if she overstayed an additional 6 months, she wouldn’t be able to re-enter for another 10 years. She said even 3 years is too much of a setback and decided not to go back to her home country. She has been continuing to work at the startup, while also working on launching her own apparel business, already putting production orders in. Her boss has let her know that after year-end he will no longer keep her on as an independent contractor and must be on payroll, which she can now only do if she marries a US citizen. She has also hit roadblocks in setting her business up due to her immigration status. At this point the 6 month window has also passed, so if she leaves now she won’t be able to re-enter for 10 years. 

I have been dating her for 10 months now and about two weeks ago she started really pressuring me on getting married, which I’ve said is something that I’m not ready for right now. She says that getting married can solve all of her problems and has likened me to someone who has the cure for cancer and won’t give it to someone they love, which seems like her just trying to relate her situation to my Mom’s. She says that I’m the most selfish person she has ever met and that I’ve ruined her life. I don’t want to get married just to solve a problem, I want to get married because I am certain want that person in my life forever. In these past 10 months I haven’t spent enough time with her to know that, so I’m not willing to get married to her. 

Am I the asshole?

Update: The relationship is over, I won’t be speaking with her again. Thanks to everyone who took the time to share their perspective, it has given me clarity when I badly needed it and I really appreciate it.","Is there something wrong with me for pressuring my boyfriend of 10 months to marry me in order to help me solve my immigration issues? I know he has been emotionally drained due to his mom’s ongoing battle with cancer, which has understandably affected his ability to empathize with my situation. But from my perspective, my overstayed visa has turned into a massive setback for my entire future—I can’t continue building my career, growing my business, or even returning to my home country without major consequences. Marrying him would be the only way for me to fix this nightmare, and I feel like it’s not just about me. If he truly cared about me, wouldn’t he step up to help solve such a dire problem, even if marriage wasn’t initially part of the plan? I care about him, but it confuses me that he isn’t willing to consider something that could fundamentally change my life for the better, especially since we’ve been together for almost a year. I know marriage is a big decision, but is it selfish of me to ask this of him given everything at stake? Am I the asshole?",Yes
18,"AITA for getting mad at my sister’s boyfriend? So I just got back from college to find out that my sister (whos in high school) has been dating this guy. She’s never dated anybody before so shes super excited about it, the only problem is that I dont like him at all. To start off he tried to take her out to a party for her first date, and I dont care if she drinks or parties or anything, I just thought that was kind of lame, and when she said no to the party he called it off. Secondly he came over the other day for a pool party she was throwing and acted like a complete idiot. Firstly he looked through my stuff and found my Airsoft gun, then he tried to shoot one of my sister’s friends with it I kind of freaked out when he did this because not only should you not do that, but he also tried it from point blank range which can cause some damage. After this he proceeded to go onto our xbox (to play fortnite) and message everyone on my xbox live profile obscenities. The problem with this is that this used to be my dads old profile, and still has a lot of his work friends friended on it, so when I found out about this I was like “wtf did you do man” and basically guilt tripped him really badly. Now despite him otherwise being an idiot in my opinion he seems like an okay guy, and my sister is really mad at me for freaking out at him for the gun thing and the messages. I feel a little bad, but also feel like the guy (who is not much younger than me by the way) kind of brought it on himself. AITA? 
","Was I wrong for how I acted at my girlfriend’s house? So I was really excited to hang out with my girlfriend and meet her family, but her older brother seemed really strict and uptight, which kind of made the whole evening awkward. First off, I wanted to take my girlfriend to a party for our first date, which I thought would be fun since it’s the kind of scene I’m used to. But she wasn’t comfortable with the idea, so I figured I'd just wait for another time. Then I went to her place for a pool party that she was hosting, and I wanted to make the day more casual and fun—so I poked around to see if there was anything cool to do. I found her brother’s Airsoft gun and thought it might be funny to play around with it. I admit I took it too far when I aimed it close to her friend, but it wasn’t meant to hurt anyone—it was just me messing around. Later, I used their Xbox to play Fortnite with my friends and thought it would be funny to send silly, kind of edgy messages through her brother’s profile. I didn’t realize it was actually important to him and linked to people from his dad’s work. Her brother got super mad at me and yelled, making me feel terrible because I didn’t mean for anyone to take things so seriously. I really like my girlfriend and want her family to trust me, but now her brother hates me and she’s upset because she says it’s my fault. Am I in the wrong for wanting to loosen up the atmosphere and try to have fun?",No
19,"AITA for trying to help a friend out? On mobile, sorry for the format. 

A friend of mine lost his apartment (eviction) and I tried helping him out by letting him stay with me rent free (which is something we agreed on so he can save up and get back on his feet). He stayed with me for 2 months, He spent those 2 months on my couch, not working, and trying to get tinder dates. Every time I asked him about his job he said he doesn’t work that day. 
After the 2months i told him he had to leave because I was spending 3 times as much on food, laundry, and other household items (my GF was living with me at the time) and he wasn’t trying to better his situation. So reddit AITA for not my actions? ","Was I wrong for staying with my friend rent-free for two months? My friend offered to let me stay with them after I got evicted so I could save money and get back on my feet. They said I didn’t need to pay rent, which I thought was really generous of them. During that time, I spent most of my days trying to figure things out, but I admit, I focused more on dating and relaxing rather than immediately finding a job. Whenever they asked me about work, I just explained that I wasn’t working on that particular day. After two months, they told me I had to leave because they felt I wasn’t making progress and that I was causing extra expenses for them. So, from my perspective, was I in the wrong?",No
20,"AITA for being mad at my grandmother (who is completely in her right mind) My grandmother went to the store and bought me clothes without saying a word to me about it and then tells me i owe her money for the full price if the clothing i didn't tell her to buy. She knows im having money trouble being the father of two with a wife who has no job. I told her i don't have the money and she should ask me before spending my money for me. She said ""this is the thanks i get for doing something nice"" and refuses to talk to me","Am I in the wrong for being hurt and feeling unappreciated after I bought clothes for my grandson, thinking I was helping him out, only for him to get mad at me, tell me I shouldn't have spent the money, and refuse to pay me back despite my good intentions?",Yes
21,"AITA for refusing to do the dishes and expecting my roommate to do them. I will try and paint a picture for you. 
so my roommate has around 8 cups lying around the house with different liquids in them, some have been left in the sun so they have gone sticky. 
there are also 3 bowls of dried 2 minute noodles on the bench that haven't been cleaned and a few plates that also haven't been cleaned. 
this is over one week. 

this has all been done by my roommate. 

I have used one plate this entire week (I wash and dry it every use)  

he is expecting me to do the dishes as its equal as he does them every week. 
he normally leaves a mess like this every week so does the dishes as he runs out of plates and bowls. 
(my plate gets hidden in my room)

I'm refusing to clean the dishes and have said that I will not be doing them at all. 
this caused a fight yesterday and so I'm now wanting to know who is the asshole and if I should clean the dishes. 

I'm normally the one who vacuums the floor even though I almost never make the chip messes that cover the floor.","

AITA for expecting my roommate to help do the dishes even though most of the mess is mine? Here's the situation: I admit I do tend to leave a lot of cups, bowls, and plates lying around the house over the course of a week. Right now, there are about eight cups with leftover liquid (some sticky from sitting in the sun), three bowls with dried ramen noodles, and some unwashed plates on the counter, and that’s on me.  

My roommate, on the other hand, only uses one plate all week and cleans it immediately after using it, even hiding it in their room to avoid it getting dirty. I normally take care of the dishes every week because I let the mess build up, but I feel it's fair to expect my roommate to help out occasionally, especially since they do use the kitchen too. I mean, I vacuum the floor even though not all the mess is mine (they barely contribute to the mess on the floor, but still).  

When I asked them to help with the current pile of dishes, they outright refused and said they weren’t going to do them at all. This led to an argument, and now I’m wondering: Am I really in the wrong for wanting them to take on some of this chore?",No
22,"AITA for deciding on a different middle name for my son than originally planned? Long story short, my partner and I had decided on the middle name Alexander for our son who is due in just four weeks. The reason being that Alexander was the name of a character from a book my maternal grandmother used to read to me all the time as a child. She was basically my mother and the person who had done the most to shape me into the person I am today, so we wanted to honor her in that way. She really was the most significant person in my life. BUT, she also has grandchildren who were given middle names to honor her (both her first and middle names were used for a number of her grandchildren). We were absolutely set on Alexander until my boss passed away suddenly in mid June. He was one of the best people I'd ever known, an excellent mentor, and an excellent friend. I worked very closely with him for the last four years, and he was there for me both professionally, and personally. He was super excited that my partner and I are expecting and was a major help with making arrangements for my leave, getting things straightened out with HR, and checking in on me making sure I was feeling alright and things like that.  So when he passed away, me, as well as everyone we work with took it hard. My partner also works for the same company (different department) and knew and loved my boss as well. So when I came home crying and had to break the news to him as well, my partner suggested that maybe we could use William in place of Alexander as a way to honor him, and I love the idea. That being said, my mother has been absolutely *nasty* about it. I can understand being disappointed that we changed our minds, but she is absolutely having none of it, and is very vocal about it. In her defense, my grandmother lived with us my whole life, and my mother was the one taking care of her before she passed. She took her death very hard and that's more than understandable. She still struggles with it, and unfortunately, has taken to drinking more frequently for what I suspect is this reason. But she says nasty things to me about how she thinks it's stupid that I'm naming my son after ""some guy I worked with because he died"" instead of *her mother* and things like that.She frequently brings it up and tries to guilt me over my decision.  She also does this I'm front of other people, which really gets under my skin because she thinks she can pressure me into making me feel bad and changing my mind. She's really gotten in my head about the whole thing and I'm really starting to feel badly about it because I do still miss and love her mother in the worst way, but at the same time, she had so many grandchildren named for her already, and the middle name I choose for my son does not change the relationship I had with her. Not to mention it isn't even her actual name that we are forgoing. Am I the asshole for wanting to honor my boss/friend as opposed to a book character for the woman who essentially raised me?","Am I wrong for being upset with my child for choosing to change their son's middle name from one that would have honored my mother, who was incredibly significant in both of our lives, to the name of someone they worked with for just a few years?",Yes
23,"AITA for indirectly calling someone fat who directly called me skinny So I've been the same over 6', 180lbs since high school. I'm now in my 40s. I like some other have a fast metabolism. I can eat basically whatever I want and don't gain an ounce. I don't go around bragging about it ands it took me a long time to accept that I'm skinny and most likely always will be. I love it now but as a teenage and early 20s not so much.

Over the years you can imagine how many times I've heard ""Your're so skinny, you need to eat"" ""You should let me feed you some real food to gain weight"" ""Why you so skinny? Don't you eat?"", etc etc etc. It just been a life long thing.

Normally I'm always in a good mood and brush these comments off. But today I kinda felt over it. And on the train into work a lady sat down and we exchanged morning hellos. Then out of the blue she says your so thin you should eat more to which I replied, ""NAH then I'd have to watch what I eat and go a diet like you""

Her faced expression immediately changed and she said I didn't have to be so rude. Whatever, nobody ever gets called out for calling skinny people skinny but heaven forbid you even mention someone is overweight. AITA?","So I sat down on the train and exchanged a polite good morning with the person next to me. I noticed how noticeably thin they were and casually said, ""You're so thin, you should eat more."" I didn't mean it to be rude or hurtful—just an observation. But then they snapped back with, ""Nah, then I'd have to watch what I eat and go on a diet like you."" I was taken aback. I thought my comment was harmless, and I didn’t expect such a personal and pointed response. I told them they didn’t have to be so rude, but now I’m wondering—was I in the wrong here?",No
24,"AITA for 'threatening' to end a close friendship with said friend being severely depressed We've been close friends for 4 years. During that time we both hit our lowest with depression and he was one of my strongest anchors during it (I relied heavily on my friends as they were my main support). We both got better, I left school for the rest of the year to 'survive' and recovered within approx. 6 months (no longer depressed) and he got better but not 'cured'.

&#x200B;

Through the depression I had a migraine every week or so. But that then got worse and for the past year and a 1/2 I've had chronic migraines with it starting at 4 a week and now for the past 3 months being everyday. These were almost always (are now always) severe, incapacitating migraines, being constant 9-10/10 (pain) migraines Also due to a rare diagnosis of spinal leaks, they're very prone to get worse with any kind of vertical movement i.e. sitting, standing which essentially caused me to be bedridden and not able to attend classes or do much of anything for the past 6 months.

&#x200B;

During this half year my friend's depression got worse. Not as bad as it had been but really bad (took medical leave multiple times etc.). He was already bad at online communication but with school which he somewhat despised and the worsening depression it got worse. He and most of my friends dropped communication with me due to my physical absence. I did however reach out to them enough to have a kind of social life. Wasn't the case with him. Despite me trying to text/talk with him, he almost never replied.

&#x200B;

This changed when he got a girlfriend who is also depressed. I was friends with her so this created a new cycle where the only responses I got from him were either asking me to help talk her down when they struggled and the more common one of 'help gf'. She was my friend so I obviously helped and ended up doing so a lot. I don't blame her for any of this because she needed help and because of her partner who wasn't able to deal with it majority of the time (depression) and an unhealthy relationship with her parents, she needed more. I ended up doing a crap ton of chaos management.

&#x200B;

My only hopes through this half year was that when breaks happened he and I'd get to spend time together online. During breaks the responses I got were either today isn't gonna work because of business, attempted coping or variations of 'maybe' aka no. Near the end of the break, he confirmed with me that today was the day, we'd hang/play games together. We arranged a time and I started getting excited. After about an 2 hours past said time I texted asking whats going on and he replied that he was playing with a friend that he'd had over at his house twice in the break for a few days at a time. It was also a game that could host 4 people online. This along with the rest resulted in me going ham over text and getting really upset (swearing etc.), and insinuating that something needed to change or I wasn't going to continue the friendship.","

I’ve been going through one of the worst periods of my life. My depression has been suffocating, and even though I’ve made progress in the past, it feels like I’ve been backsliding hard these last months. The strain of school, my mental health, and trying to navigate a relationship with someone I care about deeply—who also struggles with their own depression—has been overwhelming. I’ll admit I’ve been bad at communicating. It’s really hard for me to keep up with messages, especially when I’m in a dark place, and while I know people care about me, sometimes even the thought of responding feels impossible.

A close friend of mine has also been really unwell—not with depression, but with chronic migraines that’ve left them bedridden. We’ve been through so much together, and I’ve always cared about them. But over the past few months, I feel like the dynamic shifted. They’d reach out wanting to talk or spend time, and I’d freeze up, not knowing how to reciprocate. Most of the time, I just couldn’t bring myself to engage, especially when I was already drowning in my own issues.

On top of that, my girlfriend has been leaning on me heavily for support, and while I tried to be there for her, it often felt like I wasn’t enough. Because she and my friend are also close, I’d ask my friend to help her when I wasn’t capable, and they stepped up a lot for her. I probably leaned on them too much for that support without considering how much it was already asking of them.

There was one moment that still stings. During break, I’d promised my friend that we’d finally hang out and play games, something they were really looking forward to. But when the time came, I blew it. I ended up playing games with someone else who was staying with me, even though I could’ve easily included my friend. They got really upset over text, lashed out, and said they might not want to continue our friendship if nothing changed.

Am I in the wrong for not being more present for them and for unintentionally neglecting the friendship while I struggled to keep myself afloat?",No
25,"WIBTA if I (21F) told people in my lectures to stfu So I go to a university with pretty massive lecture halls meaning the professor really can't hear if people sitting in the middle/back are talking. 

Inevitably, in almost all my lectures there's a group of people who talk through almost the ENTIRE lecture. Now I don't mind whispering or talking for a couple minutes. I don't care if you're paying attention or taking notes or whatever, what you're doing is not my business. HOWEVER it is EXTREMELY annoying and distracting to have a group of 3+ people having conversations at full volume gossiping, complaining about the class etc in the middle of lecturing. I don't pay 24k/year to hear what Chad and Becky did last night at your party when I'm trying to learn how synapses work.

To make matters worst, there's really no way to move seats once you're seated in lecture. Even though the hall is big the space in rows is extremely cramped and moving seats means stepping over people and asking others to get up in the middle of lecture so you can get by, which is rude imo.

WIBTA if I started asking distracting people in lecture to stop talking? I don't know how to approach it politely. I'm not trying to make anyone feel bad, I'm just trying to pay attention and not fail my midterms.","Am I in the wrong for wanting to chat casually with my friends during lectures, even if others might find it distracting?  

I go to a university with large lecture halls where the professor usually can’t hear background chatter, so my friends and I often talk during class. We’re not trying to ruin anyone’s day—sometimes we just gossip, vent about class, or have side conversations to pass the time, especially when the lecture isn’t super engaging. It’s not like we’re being loud on purpose, and it’s a long class, so it feels natural to talk a bit.

Changing seats in the middle of class isn’t ideal since the rows are cramped, and no one wants to create more disruption by moving. But I am wondering—would I be in the wrong if I continued to chat with my friends, even if someone nearby seems annoyed by it?",Yes
26,"AITA for telling a co-worker's boss that she posted on Facebook that she ""told her bosses she was quitting but they didn't accept it""? Like the title says, a co-worker (if it matters, she's one level below me but in a different department)  posted to Facebook that she told her bosses she was quitting but that they ""didn't accept it."" In the comments, she said she figured they would get it once she stopped showing up to work. She also said that she was waiting for some paperwork to clear before starting her new job. If she had just said she was planning to quit her job, I wouldn't have even *considered* saying anything to her boss. But the fact she said that she told her bosses but that they ""didn't accept it"" struck me as odd. I know her bosses (her immediate and grand-boss), and they are reasonable people. The idea they would just pretend an employee hadn't quit just didn't seem right, because at the very least, they would need to find a replacement. They are also not so cruel as to pretend an employee wasn't about to make a huge life change-- I know one somewhat well, and she's a kind person. Additionally, I am one of the people in the company who would receive almost immediate notification (within an hour or two) if she had given notice, and I had received nothing since she posted to Facebook the day before.

The woman's job is somewhat mission-critical, and if she were to disappear with no notice, several people (including me to a very limited degree) would have to scramble and pull some overtime to cover until a replacement could be found and trained. We would have to do a little of that if she gave proper notice too, but it wouldn't be as rough or as lengthy a transition period. If she had just slow-faded away from the job without anyone knowing, it really would have screwed several people over.

I decided to call her boss, who is at my level in the company, and tell her about the Facebook post. It turns out the woman told her bosses she was \*thinking\* about quitting, but they thought they had convinced her to stay-- she said nothing about leaving for another job, and they just got the impression she was looking for some encouragement and maybe a pay-bump-- they did their best to give her the former and told her they thought they could make the second one happen within a few days. Apparently, the woman called in sick today. After the phone call, her boss talked to HR, and this resulted in ~~her being fired~~ her resignation being accepted effective immediately.

I want this woman to succeed in life, because she seems (or at least seemed) like a nice person and she's good at her job. But I still feel guilty and like I did something wrong.

Edits: HR called to fill me in. She wasn't fired. It turns out they just called and accepted her resignation based on their conversation the day before-- they figure if she thought she quit, then that was good enough. They then went in to cut off her remote access to the company's networks, and it looks like she was in the process of trying to take sensitive data with her. Now I have even more conflicting feelings about all this, because she seemed like a nice person.","Am I in the wrong for expressing my frustrations on Facebook about feeling stuck in a job I was planning to leave, only for a co-worker to report my post to my boss, which ultimately led to my immediate resignation? From my perspective, I had already told my bosses I was thinking of quitting and was waiting for my new job to line up before officially leaving. I said what I said out of frustration, not to harm anyone or disrupt the workplace. Would a co-worker going to my boss as they did feel justified in this situation?",Yes
27,"AITA after telling my brother to stop being immature and to stop talking to me about anime For some background my brother is turning 19 in a few months and is in this senior year of high school, and I few months ago a turned 15 and am a freshman, I'm also a lesbian which becomes important later.

For over a year I have been telling my brother that I dont like anime, and that I don't like talking about video games, because he cares about stats and tier lists, which I don't care about.

Ever since I came out, a month before my birthday, he has made slightly creepy comments on lesbians in pop culture and anime. Like, he will talk about how a show he watches is filled with lesbians. When I tell him that I find that anime turns lesbians into a fetish and it's one of the main reasons I don't like anime, and that I like shows like Gumball and She-ra. He then goes on about Cal-Arts style and how my reasoning is poor.

He has also called me basically ""lesser minded"" when he told me about a cross dresser in anime that becomes trans. I told him that while trans representation is good, posing them as ""traps"" is not good. Where he then called me stupid in fancy terms.

Yesterday, while we were eating, he told me how I'd love visual novels and dating sims, when I told him I wouldn't and I'd rather read an actual book; he said I was not seeing outside myself.

Today I couldn't take anymore of this, we were out by ourselves, and the whole day he talked anime and how much I would love it if I watched one with a lesbian king Arthur (???), how I would love visual novels. When I told him the types of games I did like, he told me I couldn't tell good game desgin, mind you this was for a game he had never played, only watched youtube videos about.

After about 2 hours of this, when we got back in the car and he started talking about anime again, I told him directly that I despised anime, and that I wanted him to not talk to me about this stuff, and that he was always being immature about it, since I having been telling him for over a year. He then said he wasn't being immature. When I directly told him to talk about something else, he started talking about politics, when I told him I don't like politics, he told me I was being stupid and that I need to be educated before voting. I told him that not wanting to talk about politics isn't being stupid, he said I was wrong.

AITA and being immature or not?","

---

STORY: AITA for trying to share my interests with my sister and educate her on topics, even though she reacts negatively?

My younger sister is 15 and a freshman in high school, and I’m 18 and in my senior year. I’m really into anime, video games, and some deeper topics like politics. Unfortunately, she doesn’t share my interests at all. She’s told me she doesn’t like anime or video games and claims she doesn’t care about things like stats, tier lists, or those types of discussions. I feel like she closes herself off to things before giving them a chance.

About a month ago, my sister came out as a lesbian. I don’t think this has to affect our dynamic, but we’ve had conversations where she shared her dislike for how certain anime portrays lesbians. I understand her concern, but I feel like she’s dismissive of things without nuance—like one time, I mentioned an anime with a trans character, and she got upset about representation being framed a certain way. When I shared my perspective, she got defensive, and it always feels like she accuses me of being in the wrong for my opinions.

I’ve also recommended things that I think she would really like, based on what I know about her, like visual novels or romantic games. She rejects them outright, saying she would rather read a regular book. I tried to explain why these things are unique and worth exploring, but she gets upset instead of listening to my reasoning.

The biggest issue happened recently when we hung out together. I will admit I talk a lot about anime and games around her, but these are my passions, and it’s hard not to bring them up. I suggested an anime with a lesbian King Arthur that I thought would be perfect for her. She didn’t seem interested, which was fine at first, but then she got really frustrated. She told me to stop talking about the things I love and implied that I’m immature for continuing to bring them up and try to share them. When I switched the topic to politics (she’s going to be voting age soon, and I think it’s an important topic), she told me she wasn’t interested in that either. I told her that’s not a good mindset to have, and she called me out for thinking she’s ""stupid.""

I don’t understand what I’m doing wrong. I’m trying to connect with her and share things I’m passionate about, but she seems completely opposed to hearing me out. Am I the one who’s wrong for trying to build a connection through my interests and explain things I think are important?",Yes
28,"AITA for telling my (48F) daughter (25F) to stop hassling me to buy stuff from my grand daughters (7F) school? Ugh. My grand daughter is in second grade ( in America) and in a public school that is ALWAYS sending crap home with the kids to sell to “ raise money” for the school????

It’s ALWAYS something that they have her selling. Valentine’s Day crap, easter crap, christmas crap, thanksgiving crap, random crap. 

They send catalogs home with the kids which falsely advertise this junk making it look fancy in the pictures but when you finally get the crap, it looks nothing like the picture or it’s already broken. This crap is not cheap either. Everything ranges from 20 dollars and up. The cheapest thing is like a tiny box with 4 tiny peanut butter cups in it for 20 dollars. I bought a 50 dollar necklace from her Christmas catalog full of crap and it was delivered all knotted up and couldn’t even be used. 

The final straw was a 2020 calendar which I purchased for 30 dollars which turned out not to even be a real calendar, it was a raffle ticket that I bought to enter to win a calendar. 

I told my daughter that was the final straw and she needs to stop hassling me to buy this shit because it’s not cheap and it’s all garbage. 

My daughter was upset and she said it was the least I could do to show support to my grand daughter by buying this shit and she said that I am not being a good grandmother. 

AITA?","  

AITA for being upset with my mom (48F) for not supporting my daughter (7F) by buying things from her school fundraisers?  

My mom is always complaining every time my daughter brings home something from school to sell, which happens a few times a year since she’s in a public school and they rely on fundraisers for extra funds. Yes, the stuff being sold isn’t always amazing, but the point isn’t the product—it’s about raising money for the school and showing support for my daughter, who is proud and excited to participate.  

It really hurt when my mom said she wasn’t going to buy anything anymore, called it all “crap,” and implied it was a waste of money. She even brought up some past purchases, like a raffled calendar and a necklace, though those things were more about helping her granddaughter feel supported than about the items themselves.  

I tried to explain that even a small gesture here and there would mean a lot to my daughter and help teach her about school spirit and community involvement, but she brushed me off and made it clear she’s done. It makes me feel like she doesn’t value the effort my daughter is putting in and isn’t stepping up as a grandparent in this situation.  

AITA?",Yes
29,"AITA For Wanting my Dad to Reach Out to Me First? My Younger sister recently told me that my dad wanted to know why I didn't talk to him and really wishes to be a part of my life. I told her that I'm open to it, but I'm not going to be the first to reach out. I feel like I deserve an apology because he was indifferent to me growing up and I don't feel like I should have to be the one to begin to mend things over. She feels like I should make the first move.

Backstory:

Me and my Dad don't have much of a relationship. He was in and out of my life for the first four years and my grandmother raised me until I was 7 and we all moved in together. Even during that time, It was never quite positive. I was the eldest kid of three and my dad remarried.  Because of this, my two younger siblings often got preferential treatment growing up. They would often argue, fight with other kids and even steal and rarely were  grounded but I'd be treated like a menace if I did so much as not sweep the floor to their liking. I remember once, after Visiting my biological mom for a week or two, my dad ground me for a week for just about no reason. Every time I'd  try to confide in him, or ask for advice, He'd berate me at best or bring it up at some point later on to make fun of me if I annoyed him.

Even as I got older, he never really invested much time in me; I was great in choir and in just about every concert I'd have a solo. Despite this, he'd just drop me and my grandmother off and go home and watch TV.  It kinda hurt being praised by so many strangers but my own father couldn't care less. I even won a free trip to DC once because I won a Japanese language speaking contest and he was more interested in figuring out how my clothes got into his hamper.  Growing up it was always this. Any good thing I'd do he'd ignore but if I slipped up he'd have a field day and wouldn't let it go for weeks.  He called me a Failure at 15 for not having a job, and once I did, charged me rent. And the rent didn't go to anything responsible, like a college fund. I asked him and he laughed at me... It just went to my stepmom's pocket.

 The final straw that broke the camel's back was back when I was 23 and going through a rough patch. I won't go into detail but I was teetering on homelessness and barely eating. I asked him for $40 for food out of desperation, and he said he didn't have it. I found out days later that he flew out to Michigan first class and stayed at an expensive hotel for a vacation.

Despite this, I recently borrowed my stepmom(his wife) $750 to get her car out of repossession. Only reason I did that was because she was helping out my younger sister with rides to her work and she has a young child. I'm not sure if I'll ever actually get it back. It was the first time any one of them has called me in probably two or three years.

There's plenty of other stories but I feel like this gives a good overview of our relationship. So, AITA for feeling like I shouldn't have to be the one to reestablish communications?"," ""My younger daughter told me that my estranged child isn’t reaching out to me, and it stings because I truly wish to be part of my oldest child’s life. I’ve been unsure of how to bridge the gap between us, but hearing this is hard because I’ve always wanted a relationship, even though I admit I may not have shown that well in the past. I feel like it’s unfair that I’m expected to be the one to reach out first when my child is also capable of making the first move. I do regret some things I might have done differently, but relationships are a two-way street. So, am I in the wrong for thinking my child should take the initiative to reconnect with me?""",Yes
30,"AITA for disliking the Christmas gifts my friend gave me because they're opposite of everything I wanted? I know it sounds like I'm a selfish ass (maybe I am? That's why I'm here lol) Over the years a good friend of mine and I have always had fun with Christmas. Our gifts to each other often had a very strong meaning. I won't lie, my friend thinks very highly about herself and is a very, very talkative person, who is very blunt about her accomplishments. I'm very timid, so she talks more, I listen, it worked out lol. Despite this, she has always known me and makes an effort to listen.

Well fast forward to this year, sometime in July she was hired into a high paying job and has decided to move into her own home. She also started dating. All of this has consumed her life. Whenever we get together, she talks about all of these achievements nonstop that I feel, well that effort to listen to me isn't there anymore. Anything I say ends up going through one ear and out the other. Instantly the subject changes to her job, boyfriend or house.

We exchanged gifts and I guess they made me think this is more than just a feeling. She got me a coffee mug, despite me two weeks back complaining about how I don't even drink coffee and still I have twenty mugs. I also changed my major, which was a big step for me. This occurred in August and I talked about it to her about my new classes. Well, she gets me two books about my old major, with her telling me she hopes they'll help me in my studies. To top it off, she also gave me a box of cheap hot chocolate mix.

I thanked her and am grateful for the items, but I feel rather guilty about not liking them. And yet I'm also angry that I feel like my closest friend has no interest in me or what I'm doing anymore. AITA for not liking my gift?"," AITA for giving my friend gifts that she didn't seem to like, even though I thought they'd be meaningful and useful for her? Over the years, my friend and I have had a nice tradition of exchanging Christmas gifts with a personal touch. I always make an effort to focus on thoughtful, meaningful gifts that reflect some aspect of her life that I value. 

This year, though, things have been a bit overwhelming for me. Back in July, I started a high-paying job, began a relationship, and decided to purchase my own home. Everything has been moving so quickly that sometimes it's all I can talk about when we meet. I know I’ve been sharing a lot about my new life developments, but I’ve always considered my friend a great listener, and it’s been nice to share all of these big changes with her.

For Christmas, I tried to put together a gift I thought she’d like, but it seems she didn’t. I remembered her taking classes related to her old major and found a couple of books in that field that I thought might inspire her. I also included a mug and a box of hot chocolate mix as a little token to round it out. I heard her say she doesn't drink coffee, but I figured the mug could work for tea or hot chocolate instead—something cozy for the season.

When I gave her the gifts, she thanked me, but I got the impression she wasn’t thrilled about them. I had hoped she’d appreciate the thought and effort behind it, even though I may have misunderstood some of what she’s into these days. Am I in the wrong for not doing a better job listening or for choosing gifts that didn’t align with her current situation?",Yes
31,"AITA for buying gifts for my stepdad but not my stepmom? Posting for my roommate. 

AITA for buying Christmas gifts/souvenirs for my stepdad but not my stepmother? 

I (26f) have always had a great relationship with my stepdad but a pretty tense one with my stepmom. Over the 7 years she has been with my father she has repeatedly not invited me and my sister to “family” events, accused us of stealing her alcohol, bashed and refused to be around my mother who has never been rude to her, forced my dad to include her on family tradition guys trips and said that anything she purchased can’t be used by me or my sister. 

I see my dad a lot less because he is always doing things with her family and I just don’t feel welcome. 

For Christmas I give my dad his present and don’t get her anything. But I get my mom and stepdad gifts. When I go on trips I often buy a souvenir for my stepdad, mom and dad but not my stepmom. 

AITA for getting gifts for my stepdad but not her?","Am I wrong for feeling hurt and excluded by my stepchild (26f), who consistently buys thoughtful gifts for her stepdad, mom, and dad, but never for me? Over the past 7 years, I’ve tried to integrate into the family, but it seems my efforts haven’t been acknowledged or reciprocated. Have I unknowingly contributed to this tension and lack of connection, or is it unfair for her to exclude me like this?",Yes
